player_name,college_team,college_conference,college_start_year,college_end_year,college_pass_attempts,college_pass_completions,college_pass_yards,college_pass_tds,college_interceptions,college_completion_pct,college_td_int_ratio,college_yards_per_attempt,Unnamed: 0,Age,nfl_games,GS,nfl_pass_completions,nfl_pass_attempts,Cmp%,nfl_pass_yards,nfl_pass_tds,TD%,nfl_interceptions,Int%,1D,Lng,Y/A,AY/A,Y/C,Y/G,nfl_qb_rating,Sk,Yds-s,Sk%,NY/A,ANY/A,nfl_year,nfl_completion_percentage,nfl_td_int_ratio,nfl_yards_per_attempt
Aidan O'Connell,Purdue,Big Ten,2019,2022,1189,798,8674,60,27,66.25114395194744,2.516826923076923,7.125,1499.5,25.0,22,10.0,426,686,62.1,4436,24,3.5,14,2.0,107.0,50.0,6.5,6.2,10.4,201.6,83.9,24.0,173.0,6.5,5.57,5.37,2015.0,62.09912536443149,1.7142857142857142,6.466472303206997
Andrew Luck,Stanford,Pac-12,2009,2011,1010,668,8796,76,20,65.47458780480936,3.7129629629629632,8.700000000000001,1433.6666666666667,25.666666666666668,86,14.333333333333334,2000,3290,60.35,23671,171,5.183333333333334,83,2.65,194.33333333333334,73.66666666666667,7.133333333333333,6.983333333333333,11.85,274.73333333333335,88.33333333333333,29.0,187.33333333333334,5.033333333333333,6.448333333333333,6.305,2014.6666666666667,60.790273556231,2.0602409638554215,7.19483282674772
Andy Dalton,TCU,Mountain West,2007,2010,1185,729,9377,69,25,61.586251607525995,3.1208333333333336,7.975,1612.0,30.428571428571427,172,11.714285714285714,3442,5512,62.17857142857143,38872,248,4.378571428571428,144,2.307142857142857,134.0,67.92857142857143,6.928571428571429,6.771428571428571,11.15,212.66428571428574,87.77142857142857,25.071428571428573,164.85714285714286,5.857142857142857,6.122857142857143,5.967142857142858,2016.2857142857142,62.445573294629895,1.7222222222222223,7.052249637155297
Anthony Brown,Oregon,Pac-12,2017,2021,1030,596,7421,55,26,57.553738573219675,2.611111111111111,7.375,2237.0,24.0,2,1.0,22,49,44.9,302,0,0.0,2,4.1,13.0,47.0,6.2,4.3,13.7,151.0,48.2,5.0,14.0,9.3,5.33,3.67,2022.0,44.89795918367347,0.0,6.163265306122449
Anthony Richardson,Florida,SEC,2021,2022,391,214,3078,23,14,56.59881498470948,1.5444444444444443,8.05,1521.5,21.0,8,4.0,100,168,59.5,1154,6,3.6,2,1.2,31.0,39.0,6.9,7.0,11.5,144.3,87.3,7.0,29.0,7.7,6.02,6.19,2015.0,59.523809523809526,3.0,6.869047619047619
Austin Davis,Southern Miss,Conference USA,2008,2011,1420,876,10246,77,27,62.88340134819285,3.2926136363636362,7.275,1442.5,25.5,13,5.0,236,378,61.5,2548,13,2.6500000000000004,12,3.2,65.5,50.5,6.4,5.55,10.45,191.2,75.65,20.0,137.5,9.9,5.0600000000000005,4.245,2014.5,62.43386243386243,1.0833333333333333,6.7407407407407405
B.J. Daniels,South Florida,Big East,2009,2012,1077,610,7944,48,38,56.189114902805976,1.3351190476190475,7.45,1531.0,27.0,8,0.0,1,2,50.0,7,0,0.0,0,0.0,0.0,7.0,3.5,3.5,7.0,0.9,58.3,0.0,0.0,0.0,3.5,3.5,2015.0,50.0,0.0,3.5
Bailey Zappe,Western Kentucky,Conference USA,2018,2021,858,575,7224,70,13,61.96415750695274,6.363636363636363,7.266666666666666,1746.6666666666667,23.666666666666668,24,4.666666666666667,319,516,63.5,3325,17,3.6666666666666665,21,3.9,47.666666666666664,49.666666666666664,6.833333333333333,5.833333333333333,10.666666666666666,149.9,79.43333333333334,18.666666666666668,140.66666666666666,9.033333333333333,5.56,4.64,2017.3333333333333,61.82170542635659,0.8095238095238095,6.4437984496124034
Baker Mayfield,Oklahoma,Big 12,2013,2017,1393,958,13713,126,27,68.7441365236638,5.320833333333333,9.825,1833.4285714285713,25.857142857142858,106,14.714285714285714,2114,3391,62.15714285714286,24376,158,4.557142857142857,84,2.5,164.42857142857142,75.85714285714286,7.1571428571428575,6.942857142857143,11.528571428571428,228.44285714285712,88.52857142857144,35.714285714285715,224.28571428571428,7.028571428571429,6.22,6.025714285714286,2018.5714285714287,62.34149218519611,1.880952380952381,7.1884399882040695
Ben Dinucci,Pittsburgh,ACC,2017,2017,158,88,1091,5,5,55.69620253164557,1.0,6.9,2005.0,24.0,3,1.0,23,43,53.5,219,0,0.0,0,0.0,11.0,32.0,5.1,5.1,9.5,73.0,67.9,7.0,73.0,14.0,2.92,2.92,2020.0,53.48837209302325,0.0,5.093023255813954
Blaine Gabbert,Missouri,Big 12,2009,2010,832,507,6054,38,14,60.93139634329566,2.7142857142857144,7.3,1619.3076923076924,28.307692307692307,71,3.8461538461538463,900,1603,56.5,9672,51,4.6692307692307695,53,3.3846153846153846,35.15384615384615,47.61538461538461,5.938461538461539,5.346153846153846,10.707692307692307,113.5923076923077,74.47692307692309,10.923076923076923,73.15384615384616,6.092307692307693,5.127692307692308,4.608461538461539,2016.076923076923,56.1447286338116,0.9622641509433962,6.033686837180287
Blake Bortles,UCF,American Athletic,2011,2013,827,543,7025,50,17,66.28043076130507,2.7619047619047614,8.533333333333333,1623.1666666666667,24.5,78,12.166666666666666,1562,2634,57.81666666666666,17649,103,3.1666666666666665,75,2.4,147.33333333333334,60.333333333333336,5.8,5.383333333333333,9.9,194.85,76.2,32.5,193.0,5.816666666666666,5.1000000000000005,4.693333333333333,2016.5,59.301442672741075,1.3733333333333333,6.7004555808656034
Brandon Allen,Arkansas,SEC,2013,2015,918,530,6802,60,22,57.019265364864424,3.0142857142857142,7.266666666666667,2066.25,28.5,15,2.25,149,263,64.95,1611,10,3.25,6,1.2999999999999998,17.0,46.5,6.075,6.175,9.9,100.875,82.275,5.25,35.75,12.475,4.83,4.88,2020.5,56.65399239543726,1.6666666666666667,6.1254752851711025
Brandon Weeden,Oklahoma State,Big 12,2010,2011,992,696,8365,66,25,70.02608624765631,2.647435897435898,8.45,1349.0,30.5,34,6.25,559,965,59.5,6462,31,4.25,30,3.25,66.5,69.0,6.975,6.35,11.775,169.125,81.35,16.5,113.0,5.85,6.1475,5.5725,2013.5,57.92746113989637,1.0333333333333334,6.696373056994819
Brett Hundley,UCLA,Pac-12,2012,2014,1139,784,9280,69,25,68.8383534636395,3.002693602693603,8.166666666666666,1730.0,24.333333333333332,18,3.0,199,337,42.1,1902,9,0.9333333333333332,13,4.6000000000000005,30.666666666666668,30.666666666666668,4.0,2.1333333333333333,9.299999999999999,62.50000000000001,43.03333333333333,10.333333333333334,69.33333333333333,7.933333333333334,3.1233333333333335,1.2766666666666666,2017.3333333333333,59.05044510385756,0.6923076923076923,5.643916913946588
Brett Rypien,Boise State,Mountain West,2015,2018,1490,954,12537,84,24,63.81446936051696,3.511904761904762,8.425,1896.0,25.8,12,1.0,116,206,44.5,1122,4,1.46,10,3.94,10.4,32.2,4.38,2.88,7.840000000000001,78.22,53.7,2.6,16.6,4.140000000000001,3.8880000000000003,2.464,2018.6,56.310679611650485,0.4,5.446601941747573
Brock Osweiler,Arizona State,Pac-12,2009,2011,633,382,4687,31,14,54.54336799263542,2.6666666666666665,6.533333333333334,1500.7142857142858,25.0,49,4.285714285714286,697,1165,56.98571428571428,7418,37,3.257142857142857,31,1.4857142857142858,52.142857142857146,45.42857142857143,5.771428571428571,5.757142857142857,10.185714285714285,120.22857142857143,78.25714285714285,11.285714285714286,79.85714285714286,5.428571428571429,5.085714285714286,5.0842857142857145,2015.0,59.828326180257505,1.1935483870967742,6.367381974248927
Brock Purdy,Iowa State,Big 12,2018,2021,1341,915,11273,79,30,68.06959215520943,2.692857142857143,8.55,1722.6666666666667,23.666666666666668,41,12.333333333333334,730,1058,68.63333333333334,9934,75,7.2,26,2.466666666666667,150.0,68.66666666666667,9.1,9.466666666666667,13.299999999999999,229.23333333333335,111.10000000000001,22.333333333333332,130.0,5.966666666666666,8.203333333333333,8.53,2017.3333333333333,68.99810964083176,2.8846153846153846,9.389413988657845
Bryce Perkins,Virginia,ACC,2018,2019,774,495,5687,40,20,63.93578285335981,2.0404040404040407,7.449999999999999,2248.0,26.0,5,1.0,19,34,55.9,161,1,2.9,2,5.9,10.0,20.0,4.7,2.7,8.5,32.2,53.7,6.0,50.0,15.0,2.78,1.03,2022.0,55.88235294117647,0.5,4.735294117647059
Bryce Petty,Baylor,Big 12,2013,2014,733,454,7149,56,8,61.93335916311507,9.666666666666666,9.8,1632.0,25.5,10,3.5,130,245,52.75,1353,4,1.5999999999999999,10,4.0,30.0,49.0,5.5,4.0,10.350000000000001,135.4,57.55,10.5,67.0,7.800000000000001,4.54,3.185,2016.5,53.06122448979592,0.4,5.522448979591837
Bryce Young,Alabama,SEC,2021,2022,821,544,7329,70,9,66.016110166528,8.075,8.9,1492.5,22.0,32,16.0,630,1054,59.8,5754,22,2.1,20,1.9,133.0,48.0,5.5,5.0,9.1,179.8,73.7,62.0,477.0,10.5,4.07,3.68,2015.0,59.772296015180274,1.1,5.459203036053131
C.J. Beathard,Iowa,Big Ten,2014,2016,676,404,4944,35,12,58.85100298246932,3.0595238095238098,7.233333333333333,1840.5714285714287,27.571428571428573,39,2.0,380,616,70.48571428571428,4235,20,2.3000000000000003,14,2.2714285714285714,30.0,49.857142857142854,7.757142857142857,7.185714285714285,10.671428571428573,95.61428571428571,86.18571428571428,8.428571428571429,61.0,7.728571428571428,6.774285714285715,6.257142857142857,2018.2857142857142,61.68831168831169,1.4285714285714286,6.875
C.J. Stroud,Ohio State,Big Ten,2021,2022,750,515,7202,75,11,68.54162952397931,6.883333333333333,9.600000000000001,1480.5,22.0,30,15.0,638,998,63.9,8216,46,4.6,10,1.0,188.0,75.0,8.2,8.7,12.9,273.9,100.8,38.0,331.0,7.1,7.03,7.47,2015.0,63.92785571142284,4.6,8.23246492985972
Cardale Jones,Ohio State,Big Ten,2015,2015,176,110,1460,8,5,62.5,1.6,8.3,1600.0,24.0,1,0.0,6,11,54.5,96,0,0.0,1,9.1,2.0,64.0,8.7,4.6,16.0,96.0,46.0,1.0,2.0,8.3,7.83,4.08,2016.0,54.54545454545454,0.0,8.727272727272727
Case Keenum,Houston,Conference USA,2007,2011,2048,1432,17876,149,39,69.11956312149596,4.075555555555555,8.9,1708.4166666666667,30.416666666666668,82,5.666666666666667,1426,2286,58.44166666666666,15466,80,2.6999999999999997,54,2.341666666666667,61.583333333333336,47.416666666666664,5.833333333333333,5.325,9.758333333333333,152.49166666666667,75.10833333333333,11.416666666666666,87.41666666666667,5.258333333333333,5.0825000000000005,4.618333333333333,2017.0833333333333,62.37970253718286,1.4814814814814814,6.7655293088363955
Christian Ponder,Florida State,ACC,2008,2010,911,569,6562,46,28,62.14449120372465,1.8076923076923077,7.133333333333333,1257.0,24.5,38,9.0,632,1057,57.5,6658,38,2.775,36,3.825,88.5,50.5,6.1,4.95,10.6,161.5,68.75,23.75,125.25,9.425,5.0275,3.9875,2012.5,59.7918637653737,1.0555555555555556,6.298959318826869
Clayton Tune,Houston,American Athletic,2018,2022,1361,871,11038,96,37,60.10676802314816,2.678095238095238,7.88,1546.5,24.0,14,1.0,24,42,57.1,124,0,0.0,4,9.5,3.0,14.0,3.0,-1.3,5.2,8.9,22.6,7.0,41.0,25.0,0.75,-2.46,2015.0,57.14285714285714,0.0,2.9523809523809526
Cody Kessler,USC,Pac-12,2013,2015,1158,786,9443,80,16,67.66253246471071,5.444444444444444,8.133333333333333,1683.3333333333333,24.0,17,4.0,224,349,59.43333333333334,2215,8,1.5333333333333332,5,2.2666666666666666,36.666666666666664,36.666666666666664,6.0,5.233333333333333,10.200000000000001,112.36666666666667,72.10000000000001,16.333333333333332,112.33333333333333,14.933333333333332,4.03,3.4499999999999997,2017.0,64.18338108882521,1.6,6.346704871060172
Colin Kaepernick,Nevada,Western Athletic,2007,2010,1109,656,8970,75,20,58.86330640849371,4.030952380952381,8.175,1346.8333333333333,26.5,69,9.666666666666666,1011,1692,59.916666666666664,12271,72,3.483333333333333,30,1.4333333333333333,95.66666666666667,60.166666666666664,7.233333333333333,7.283333333333334,12.083333333333334,154.63333333333333,87.78333333333335,28.5,176.66666666666666,7.550000000000001,6.228333333333333,6.273333333333333,2013.5,59.75177304964539,2.4,7.252364066193853
Colt Mccoy,Texas,Big 12,2006,2009,1514,1067,12348,107,44,70.42583816681241,2.9613095238095237,8.2,1599.909090909091,29.90909090909091,55,3.272727272727273,764,1220,67.16363636363637,7975,34,3.1545454545454548,32,2.0818181818181816,35.18181818181818,44.09090909090909,7.363636363636363,7.054545454545454,10.863636363636363,121.77272727272727,88.71818181818182,10.272727272727273,63.72727272727273,9.527272727272727,6.088181818181818,5.819090909090909,2015.909090909091,62.62295081967213,1.0625,6.536885245901639
Connor Cook,Michigan State,Big Ten,2013,2015,1036,599,8244,66,16,57.84837867638522,4.155555555555556,7.966666666666666,1595.0,23.0,1,0.0,14,21,66.7,150,1,4.8,1,4.8,6.0,32.0,7.1,6.0,10.7,150.0,83.4,2.0,7.0,8.7,6.22,5.13,2016.0,66.66666666666666,1.0,7.142857142857143
Connor Shaw,South Carolina,SEC,2011,2013,632,406,5085,48,14,64.60922323350671,8.380952380952381,7.966666666666666,1407.0,23.0,1,1.0,14,28,50.0,177,0,0.0,1,3.6,10.0,49.0,6.3,4.7,12.6,177.0,55.2,4.0,27.0,12.5,4.69,3.28,2014.0,50.0,0.0,6.321428571428571
Cooper Rush,Central Michigan,Mid-American,2013,2016,1525,955,12015,83,50,62.19014854162739,1.733974358974359,7.85,1827.0,28.2,30,1.2,161,260,61.02,1763,8,1.9,6,2.48,16.8,35.8,5.64,4.9,8.66,48.68,74.38,2.4,16.8,3.62,5.108,4.406000000000001,2018.0,61.92307692307693,1.3333333333333333,6.780769230769231
Dak Prescott,Mississippi State,SEC,2013,2015,1019,641,8066,56,21,62.071655943297536,3.216666666666667,7.8,1779.2222222222222,26.88888888888889,131,14.555555555555555,3005,4463,67.27777777777777,33975,238,5.222222222222222,83,1.911111111111111,185.11111111111111,75.22222222222223,7.666666666666667,7.833333333333333,11.366666666666667,267.22222222222223,99.42222222222222,30.444444444444443,185.77777777777777,5.655555555555555,6.865555555555556,7.04,2018.111111111111,67.33139144073493,2.8674698795180724,7.612592426618866
Daniel Jones,Duke,ACC,2016,2018,1179,700,7485,44,27,59.34597519649592,1.7287157287157287,6.333333333333333,1858.1666666666667,24.333333333333332,66,10.833333333333334,1329,2060,65.14999999999999,13421,64,2.716666666666667,46,2.566666666666667,109.16666666666667,60.5,6.3500000000000005,5.716666666666666,9.766666666666667,194.5,81.06666666666666,34.833333333333336,219.66666666666666,10.416666666666666,5.0616666666666665,4.531666666666666,2018.6666666666667,64.51456310679612,1.391304347826087,6.51504854368932
David Blough,Purdue,Big Ten,2015,2018,1393,849,9550,69,41,61.54634399938466,1.9538690476190477,6.800000000000001,2045.0,25.333333333333332,8,2.3333333333333335,138,242,59.833333333333336,1435,6,1.8999999999999997,9,5.6000000000000005,22.0,57.333333333333336,5.833333333333333,3.6999999999999997,9.766666666666666,148.93333333333334,59.86666666666667,6.666666666666667,46.0,8.133333333333333,4.743333333333333,2.776666666666667,2020.3333333333333,57.02479338842975,0.6666666666666666,5.929752066115703
David Fales,San Jos√© State,Mountain West,2012,2013,895,606,7987,64,22,68.06226597415147,2.9914529914529915,8.95,1651.0,26.5,3,0.0,31,48,53.7,287,1,1.15,1,1.15,8.5,19.0,5.300000000000001,5.0,10.05,77.25,67.85,1.0,6.5,9.5,4.335,4.05,2016.5,64.58333333333334,1.0,5.979166666666667
Davis Mills,Stanford,Pac-12,2019,2020,433,284,3453,18,8,65.60988773747842,2.2666666666666666,7.949999999999999,1839.0,24.25,40,6.5,591,951,55.05,6128,37,4.449999999999999,25,1.4,69.25,40.75,5.525,5.8,10.0,117.60000000000001,79.94999999999999,16.5,119.0,5.8,4.805,5.055,2018.25,62.14511041009464,1.48,6.443743427970557
Davis Webb,California,Pac-12,2013,2016,1285,791,9149,77,34,61.549107838553844,2.2357549857549857,7.166666666666667,2247.0,27.0,1,1.0,23,40,57.5,168,1,2.5,0,0.0,11.0,25.0,4.2,4.7,7.3,168.0,75.8,0.0,0.0,0.0,4.2,4.7,2022.0,57.49999999999999,1.0,4.2
Denard Robinson,Michigan,Big Ten,2010,2012,640,368,5593,43,33,56.99053356282272,1.2952380952380953,8.633333333333333,1401.5,23.5,29,4.5,0,2,0.0,0,0,0.0,0,0.0,0.0,0.0,0.0,0.0,0.0,0.0,39.6,0.0,0.0,0.0,0.0,0.0,2013.5,0.0,0.0,0.0
Derek Carr,Fresno State,Mountain West,2011,2013,1508,1014,12152,110,21,66.89707161704564,5.648677248677249,8.033333333333333,1712.7272727272727,27.90909090909091,176,16.0,3951,6054,65.30000000000001,42978,267,4.4363636363636365,115,1.9090909090909092,185.27272727272728,70.0,7.118181818181818,7.136363636363637,10.863636363636363,244.15454545454543,92.96363636363637,29.636363636363637,187.27272727272728,5.090909090909091,6.427272727272728,6.454545454545454,2017.4545454545455,65.26263627353815,2.3217391304347825,7.099108027750248
Deshaun Watson,Clemson,ACC,2014,2016,1036,708,8892,81,28,68.28814967890577,4.064646464646464,9.1,1780.857142857143,25.285714285714285,72,10.142857142857142,1495,2260,64.08571428571429,17871,125,5.442857142857143,49,2.414285714285714,122.28571428571429,62.857142857142854,7.528571428571429,7.528571428571429,11.728571428571428,230.92857142857142,94.88571428571429,32.57142857142857,189.42857142857142,9.200000000000001,6.325714285714286,6.32,2018.0,66.1504424778761,2.5510204081632653,7.907522123893806
Deshone Kizer,Notre Dame,FBS Independents,2015,2016,659,401,5525,45,18,61.07429028239975,2.5,8.399999999999999,1726.5,21.5,18,7.5,275,518,50.6,3081,11,1.15,24,4.699999999999999,69.5,42.5,5.3,3.4,10.350000000000001,127.6,50.5,21.0,132.0,8.05,4.215,2.485,2017.5,53.0888030888031,0.4583333333333333,5.947876447876448
Desmond Ridder,Cincinnati,American Athletic,2018,2021,1204,751,9708,83,28,62.4065528320514,3.0680555555555555,8.075,1737.0,23.666666666666668,34,10.0,571,891,63.96666666666667,6380,26,2.6333333333333333,24,2.066666666666667,103.0,60.666666666666664,6.933333333333334,6.5,10.833333333333334,185.0666666666667,84.4,23.666666666666668,142.33333333333334,7.366666666666667,6.013333333333333,5.6433333333333335,2017.3333333333333,64.08529741863074,1.0833333333333333,7.160493827160494
Devlin Hodges,Samford,Southern,2016,2018,129,81,943,6,7,62.934782608695656,0.9166666666666666,7.35,1880.0,23.0,8,6.0,100,160,62.5,1063,5,3.1,8,5.0,51.0,79.0,6.6,5.0,10.6,132.9,71.4,15.0,102.0,8.6,5.49,4.01,2019.0,62.5,0.625,6.64375
Dominique Davis,East Carolina,Conference USA,2010,2011,1046,692,6924,61,33,66.23320424807838,1.9436090225563911,6.6,1329.0,24.0,1,0.0,5,7,71.4,34,0,0.0,0,0.0,2.0,14.0,4.9,4.9,6.8,34.0,81.8,0.0,0.0,0.0,4.86,4.86,2013.0,71.42857142857143,0.0,4.857142857142857
Dorian Thompson-Robinson,UCLA,Pac-12,2018,2022,1300,827,10286,85,33,63.33150844401631,2.664285714285714,7.92,1524.5,24.0,16,3.0,120,224,53.6,880,2,0.9,8,3.6,26.0,23.0,3.9,2.5,7.3,55.0,51.2,6.0,60.0,5.1,3.22,1.86,2015.0,53.57142857142857,0.25,3.9285714285714284
Drew Lock,Missouri,SEC,2015,2018,1481,842,11551,95,38,56.249359376832636,2.377083333333333,7.575,1799.8,25.2,32,5.0,517,862,61.64,5826,31,3.54,26,2.9799999999999995,54.2,57.2,6.88,6.279999999999999,11.2,166.48,81.58000000000001,9.0,50.6,5.86,6.196,5.6,2018.0,59.976798143851504,1.1923076923076923,6.758700696055684
Dwayne Haskins,Ohio State,Big Ten,2017,2018,551,386,5065,50,9,70.10796221322536,4.875,9.5,1931.0,22.5,16,6.5,267,444,60.0,2804,12,2.75,14,3.15,69.0,62.5,6.35,5.5,10.6,178.64999999999998,74.55,24.5,172.5,10.1,4.984999999999999,4.2,2019.5,60.13513513513513,0.8571428571428571,6.315315315315315
Ej Manuel,Florida State,ACC,2009,2012,789,526,6923,43,28,66.47771392246023,1.3208333333333333,8.8,1495.8,25.0,30,3.6,343,590,55.36,3767,20,2.66,16,2.2199999999999998,35.0,51.8,6.140000000000001,5.659999999999999,11.14,119.84,73.42,9.4,59.4,7.659999999999999,5.162,4.726000000000001,2015.0,58.13559322033899,1.25,6.384745762711864
Feleipe Franks,Arkansas,SEC,2017,2020,836,516,6511,54,21,64.38108733499732,2.71875,8.125,2168.0,24.0,9,0.0,0,1,0.0,0,0,0.0,1,100.0,0.0,0.0,0.0,-45.0,0.0,0.0,0.0,0.0,0.0,0.0,0.0,-45.0,2021.0,0.0,0.0,0.0
Garrett Gilbert,SMU,American Athletic,2010,2013,1423,849,8992,45,37,59.521081793944916,1.5550527903469078,6.3,1966.5,28.5,8,0.5,43,75,46.625,477,1,0.65,1,0.65,4.75,27.25,6.5,6.325,10.325,119.25,75.95,1.25,12.0,9.025,4.88,4.725,2019.5,57.333333333333336,1.0,6.36
Geno Smith,West Virginia,Big 12,2010,2012,1306,883,10549,88,19,67.40156305373698,4.690476190476191,8.033333333333333,1689.1818181818182,28.363636363636363,92,7.363636363636363,1637,2576,60.709090909090904,18447,104,3.5818181818181816,66,2.209090909090909,79.0909090909091,53.90909090909091,6.645454545454545,6.363636363636363,10.881818181818183,159.0909090909091,83.5909090909091,18.454545454545453,135.0909090909091,10.50909090909091,5.131818181818182,4.888181818181818,2016.909090909091,63.548136645962735,1.5757575757575757,7.16110248447205
Greg Mcelroy,Alabama,SEC,2009,2010,610,401,5217,36,9,65.87730246169735,4.025,8.55,1226.0,24.0,2,1.0,19,31,61.3,214,1,3.2,1,3.2,13.0,30.0,6.9,6.1,11.3,107.0,79.2,11.0,71.0,26.2,3.4,2.81,2012.0,61.29032258064516,1.0,6.903225806451613
Ian Book,Notre Dame,FBS Independents,2017,2020,1021,650,8148,69,17,62.702982557041565,4.208333333333333,7.45,2125.0,23.0,1,1.0,12,20,60.0,135,0,0.0,2,10.0,5.0,56.0,6.8,2.3,11.3,135.0,40.6,8.0,54.0,28.6,2.89,-0.32,2021.0,60.0,0.0,6.75
Jacob Eason,Washington,Pac-12,2016,2019,722,430,5188,36,16,59.410648578473925,2.25,7.15,2196.0,24.5,2,0.0,5,10,50.0,84,0,0.0,2,20.0,2.0,29.5,8.4,-0.6000000000000001,16.1,42.0,39.2,0.0,0.0,0.0,8.4,-0.6000000000000001,2021.5,50.0,0.0,8.4
Jacoby Brissett,NC State,ACC,2014,2015,711,431,4792,41,9,60.59581141879475,4.575,6.75,1816.888888888889,27.88888888888889,82,5.333333333333333,999,1623,59.977777777777774,10798,54,4.2555555555555555,23,0.6888888888888889,58.55555555555556,45.333333333333336,6.144444444444444,6.677777777777778,9.81111111111111,106.0,90.0,14.444444444444445,90.77777777777777,6.6,5.351111111111111,5.895555555555556,2018.111111111111,61.552680221811464,2.347826086956522,6.6531115218730745
Jake Browning,Washington,Pac-12,2015,2018,1325,860,11347,92,32,65.0153863398631,3.2,8.55,1502.5,27.0,18,7.0,342,486,70.4,3872,24,4.9,14,2.9,93.0,80.0,8.0,7.7,11.3,215.1,98.4,24.0,169.0,9.0,6.62,6.34,2015.0,70.37037037037037,1.7142857142857142,7.967078189300412
Jake Fromm,Georgia,SEC,2017,2019,856,545,7320,70,15,63.98661824952603,4.666666666666667,8.733333333333334,2119.0,23.0,3,2.0,27,60,45.0,210,1,1.7,3,5.0,10.0,36.0,3.5,1.6,7.8,70.0,38.9,6.0,33.0,9.1,2.68,0.94,2021.0,45.0,0.3333333333333333,3.5
Jake Locker,Washington,Pac-10,2007,2010,1132,614,7583,53,35,53.97323903567741,1.4328282828282828,6.475,1259.75,24.5,30,5.75,408,709,56.875,4967,27,4.275,22,2.625,55.25,63.0,7.2,6.875,12.75,156.875,82.75,15.0,94.5,7.800000000000001,6.135,5.8375,2012.5,57.54583921015515,1.2272727272727273,7.005641748942172
Jake Luton,Oregon State,Pac-12,2015,2019,794,494,5610,43,15,62.27335913616195,3.2708333333333335,6.55,1992.0,24.0,3,3.0,60,110,54.5,624,2,1.8,6,5.5,31.0,73.0,5.7,3.6,10.4,208.0,54.5,7.0,52.0,6.0,4.89,2.92,2020.0,54.54545454545454,0.3333333333333333,5.672727272727273
Jake Rudock,Michigan,Big Ten,2013,2015,1019,635,7424,51,26,62.254313865501416,2.196296296296296,7.266666666666667,1712.0,24.0,3,0.0,3,5,60.0,24,0,0.0,1,20.0,1.0,13.0,4.8,-4.2,8.0,8.0,32.5,0.0,0.0,0.0,4.8,-4.2,2017.0,60.0,0.0,4.8
Jalen Hurts,Oklahoma,Big 12,2016,2019,936,627,8921,77,19,68.08311970451284,6.503968253968254,9.85,1846.4,23.8,79,13.6,1352,2116,62.120000000000005,15622,90,4.24,49,2.34,144.6,73.2,7.38,7.18,11.959999999999999,196.16,88.9,29.8,176.8,6.8,6.478,6.286,2018.6,63.89413988657845,1.836734693877551,7.382797731568998
Jameis Winston,Florida State,ACC,2013,2014,771,513,7379,62,27,66.65557652874156,2.6058823529411765,9.65,1766.8,25.4,100,8.0,1788,2929,60.07000000000001,22368,143,4.4399999999999995,102,3.6,111.3,52.0,7.159999999999999,6.4399999999999995,11.9,191.63,81.76,19.7,125.5,6.99,6.214,5.524,2017.8,61.04472516217139,1.4019607843137254,7.636736087401844
Jared Goff,California,Pac-12,2013,2015,1532,952,11733,90,30,62.191270165063095,3.215384615384615,7.666666666666667,1776.888888888889,25.88888888888889,134,14.88888888888889,3064,4712,64.26666666666667,35004,215,4.422222222222222,94,2.088888888888889,190.55555555555554,70.66666666666667,7.300000000000001,7.2333333333333325,11.31111111111111,254.07777777777775,92.03333333333333,27.444444444444443,197.55555555555554,5.455555555555556,6.488888888888889,6.447777777777778,2018.111111111111,65.02546689303905,2.2872340425531914,7.428692699490663
Jaren Hall,BYU,FBS Independents,2021,2022,672,437,5754,51,11,64.904399079931,4.583333333333334,8.55,1538.5,25.0,6,2.0,26,40,65.0,336,0,0.0,2,5.0,7.0,47.0,8.4,6.2,12.9,56.0,70.4,4.0,28.0,16.7,5.83,3.96,2015.0,65.0,0.0,8.4
Jarrett Stidham,Auburn,SEC,2015,2018,784,502,6514,42,11,65.17715912685858,4.283333333333333,9.066666666666666,1839.8,25.4,19,1.2,157,263,57.02,1918,10,3.06,9,7.68,16.6,43.4,6.44,3.5800000000000005,11.16,103.54,67.6,5.2,33.4,11.059999999999999,5.078,2.7359999999999998,2018.2,59.6958174904943,1.1111111111111112,7.2927756653992395
Jeff Driskel,Louisiana Tech,Conference USA,2012,2015,884,543,6615,46,24,62.47986301841944,2.0583333333333336,7.225,1830.3333333333333,27.833333333333332,24,2.1666666666666665,242,417,57.23333333333333,2560,18,5.383333333333333,12,3.9,20.0,36.5,6.2,5.533333333333334,11.033333333333333,138.51666666666668,77.21666666666667,7.666666666666667,55.166666666666664,10.366666666666667,4.755,4.1450000000000005,2018.1666666666667,58.033573141486805,1.5,6.139088729016787
Jeff Tuel,Washington State,Pac-12,2009,2012,819,501,5656,32,25,60.68932279721787,1.2333333333333334,6.8,1316.0,22.0,2,1.0,26,59,44.1,309,1,1.7,3,5.1,15.0,59.0,5.2,3.3,11.9,154.5,45.1,2.0,11.0,3.3,4.89,3.0,2013.0,44.06779661016949,0.3333333333333333,5.237288135593221
Jimmy Clausen,Notre Dame,FBS Independents,2007,2009,1084,673,7747,55,27,61.24894015577245,3.1143790849673203,6.866666666666667,1305.0,26.0,21,4.666666666666667,255,472,54.76666666666667,2520,7,2.266666666666667,14,2.766666666666667,28.666666666666668,41.666666666666664,5.233333333333333,4.466666666666666,9.6,120.13333333333333,65.63333333333334,14.333333333333334,93.66666666666667,7.033333333333334,4.4366666666666665,3.703333333333333,2013.0,54.02542372881356,0.5,5.338983050847458
Jimmy Garoppolo,Eastern Illinois,OVC,2013,2013,95,65,811,9,2,68.42105263157895,4.5,8.5,1737.090909090909,27.90909090909091,88,6.2727272727272725,1387,2064,62.96363636363637,16699,101,4.372727272727273,60,2.463636363636364,72.72727272727273,50.18181818181818,7.2727272727272725,7.054545454545454,11.281818181818181,169.5909090909091,90.16363636363637,13.727272727272727,92.9090909090909,7.136363636363637,6.234545454545454,6.0181818181818185,2017.4545454545455,67.19961240310077,1.6833333333333333,8.0906007751938
Joe Burrow,LSU,SEC,2018,2019,784,540,7214,60,10,67.64781618302466,5.5,8.95,1843.6,25.8,62,12.4,1532,2260,67.52000000000001,16392,112,4.74,43,1.8199999999999998,160.8,67.4,7.12,7.220000000000001,10.52,259.7,96.17999999999999,34.4,244.0,6.9799999999999995,6.106,6.218,2018.6,67.78761061946904,2.604651162790698,7.253097345132743
Joe Webb,UAB,Conference USA,2006,2009,792,468,5771,37,25,59.74088711058749,2.3125,7.35,1289.6666666666667,26.666666666666668,32,1.0,90,159,47.76666666666667,888,3,1.5999999999999999,6,6.966666666666666,14.666666666666666,38.666666666666664,5.466666666666666,2.6333333333333333,12.466666666666667,43.93333333333334,47.93333333333334,3.6666666666666665,23.0,4.233333333333333,4.933333333333334,2.1733333333333333,2012.6666666666667,56.60377358490566,0.5,5.584905660377358
John Wolford,Wake Forest,ACC,2014,2017,1205,719,8211,53,40,59.665356529543594,1.6549422799422802,6.9,2130.3333333333335,26.0,7,1.3333333333333333,61,104,48.06666666666666,626,1,0.5333333333333333,5,10.799999999999999,10.333333333333334,24.333333333333332,4.566666666666666,-0.2333333333333331,8.6,120.89999999999999,43.1,3.3333333333333335,21.666666666666668,11.700000000000001,3.306666666666667,-0.6233333333333332,2021.0,58.65384615384615,0.2,6.019230769230769
Johnny Manziel,Texas A&M,SEC,2012,2013,791,543,7151,57,21,68.65185421994886,2.769230769230769,9.0,1449.0,22.5,14,4.0,147,258,54.599999999999994,1675,7,1.55,7,3.95,39.0,46.5,5.85,4.35,10.649999999999999,100.85,60.7,11.0,83.5,7.9,4.77,3.405,2014.5,56.97674418604651,1.0,6.492248062015504
Jordan Love,Utah State,Mountain West,2017,2019,998,612,7655,53,27,60.24432874457303,2.6652777777777774,7.633333333333333,1828.75,24.25,44,8.75,794,1241,63.3,8924,67,4.75,25,2.15,112.25,69.75,7.575,7.525,11.925,151.625,93.275,15.75,126.75,3.6,7.029999999999999,7.0225,2018.25,63.98066075745367,2.68,7.190975020145045
Josh Allen,Wyoming,Mountain West,2016,2017,592,333,4654,39,19,56.240142071012144,2.083333333333333,7.7,1828.142857142857,24.857142857142858,111,15.714285714285714,2374,3724,62.91428571428571,27009,196,5.1000000000000005,96,2.642857142857143,187.0,72.0,7.185714285714285,7.028571428571429,11.471428571428572,240.4857142857143,90.51428571428572,28.428571428571427,177.0,5.328571428571428,6.4799999999999995,6.327142857142857,2018.5714285714287,63.74865735767992,2.0416666666666665,7.2526852846401715
Josh Rosen,UCLA,Pac-12,2015,2017,1129,685,8983,56,24,60.447635157080235,2.274074074074074,8.0,1932.3333333333333,22.333333333333332,24,5.333333333333333,277,513,42.2,2864,12,1.2333333333333332,21,8.799999999999999,46.333333333333336,43.0,4.233333333333333,0.5333333333333332,9.933333333333334,87.33333333333333,39.56666666666667,20.333333333333332,137.66666666666666,7.7,3.33,-0.2566666666666668,2019.3333333333333,53.99610136452242,0.5714285714285714,5.582846003898635
Joshua Dobbs,Tennessee,SEC,2013,2016,915,561,6552,51,28,61.060021483218975,1.775,6.9,1815.4,26.2,34,5.2,574,919,62.879999999999995,5384,28,1.8199999999999998,23,3.2,55.8,40.4,4.36,3.3,7.360000000000001,119.02000000000001,67.2,13.2,92.0,4.3,3.8480000000000003,2.792,2018.0,62.45919477693145,1.2173913043478262,5.85854189336235
Justin Fields,Ohio State,Big Ten,2019,2020,472,327,4474,55,6,70.04672157111182,21.5,9.45,1821.75,23.25,53,12.75,805,1328,60.525,9236,56,4.125,39,3.0,104.0,59.0,6.95,6.45,11.525,174.875,82.75,44.75,298.25,11.925,5.325,4.8625,2018.25,60.61746987951807,1.435897435897436,6.954819277108434
Justin Herbert,Oregon,Pac-12,2016,2019,1204,768,10004,92,20,64.05884995507637,4.745833333333334,8.525,1836.0,23.8,75,15.0,1910,2878,66.17999999999999,20357,134,4.66,49,1.6600000000000001,200.0,63.8,7.08,7.26,10.66,269.0,95.12,31.8,220.8,5.34,6.3020000000000005,6.465999999999999,2018.6,66.36553161917999,2.7346938775510203,7.073314801945796
Kellen Mond,Texas A&M,SEC,2017,2020,1283,756,9111,69,26,58.474301069746566,3.163194444444444,7.025,2151.0,22.0,1,0.0,2,3,66.7,5,0,0.0,0,0.0,0.0,6.0,1.7,1.7,2.5,5.0,70.1,0.0,0.0,0.0,1.67,1.67,2021.0,66.66666666666666,0.0,1.6666666666666667
Kellen Moore,Boise State,Mountain West,2008,2011,1512,1058,13602,138,24,69.97112129876105,7.0587301587301585,9.05,1498.0,26.0,3,2.0,61,104,58.7,779,4,3.8,6,5.8,40.0,36.0,7.5,5.7,12.8,259.7,71.0,5.0,23.0,4.6,6.94,5.19,2015.0,58.65384615384615,0.6666666666666666,7.490384615384615
Kenny Pickett,Pittsburgh,ACC,2017,2021,1607,1008,11806,78,32,61.72559419613073,2.311111111111111,7.3,1735.3333333333333,24.666666666666668,37,12.0,647,1037,62.333333333333336,6544,19,1.8666666666666665,17,1.5666666666666667,101.66666666666667,67.0,6.333333333333333,5.966666666666666,10.133333333333335,176.63333333333333,79.83333333333333,24.333333333333332,176.0,6.566666666666666,5.426666666666667,5.093333333333334,2017.3333333333333,62.39151398264223,1.1176470588235294,6.310511089681774
Kevin Hogan,Stanford,Pac-12,2012,2015,1025,679,8707,70,27,67.12951483345714,2.6939484126984126,8.350000000000001,1642.5,24.5,8,0.5,60,101,57.55,621,4,2.65,7,7.2,13.5,33.0,5.45,2.75,9.3,77.65,51.75,4.0,22.5,7.25,4.655,2.15,2016.5,59.4059405940594,0.5714285714285714,6.148514851485149
Kirk Cousins,Michigan State,Big Ten,2009,2011,990,641,8181,62,23,64.6674814754792,2.7407407407407405,8.299999999999999,1644.8461538461538,29.923076923076923,158,11.76923076923077,3681,5488,66.3076923076923,41802,288,5.376923076923077,115,2.5999999999999996,154.15384615384616,70.61538461538461,7.699999999999999,7.592307692307693,11.592307692307692,255.7,96.4923076923077,24.692307692307693,178.23076923076923,5.323076923076924,6.893846153846154,6.80076923076923,2016.6923076923076,67.07361516034986,2.5043478260869567,7.61698250728863
Kyle Allen,Houston,American Athletic,2014,2017,545,336,3989,33,17,64.62469182642035,1.8095238095238095,7.166666666666667,2000.2,24.0,23,3.8,441,704,63.54,4734,26,4.5,21,1.9,50.8,43.0,6.8,6.840000000000001,10.7,161.8,90.32,12.0,97.4,6.3,6.014,6.055999999999999,2020.0,62.64204545454546,1.2380952380952381,6.724431818181818
Kyle Trask,Florida,SEC,2019,2020,724,498,6761,67,11,68.65059960414484,6.3,9.25,1804.3333333333333,24.666666666666668,5,0.0,3,11,11.1,23,0,0.0,0,0.0,0.3333333333333333,3.0,0.8666666666666667,0.8666666666666667,2.566666666666667,7.666666666666667,40.53333333333333,0.0,0.0,0.0,0.8533333333333334,0.8533333333333334,2017.3333333333333,27.27272727272727,0.0,2.090909090909091
Kyler Murray,Oklahoma,Big 12,2015,2018,460,312,4742,45,14,65.15029620419806,3.2142857142857144,8.85,1851.5,24.333333333333332,73,12.166666666666666,1668,2507,66.43333333333334,17446,104,4.066666666666667,51,2.0166666666666666,140.83333333333334,63.166666666666664,6.8999999999999995,6.8,10.366666666666665,236.0666666666667,91.38333333333333,27.833333333333332,200.16666666666666,6.233333333333333,6.015000000000001,5.94,2018.6666666666667,66.5337056242521,2.0392156862745097,6.958915037893897
Lamar Jackson,Louisville,ACC,2015,2017,1002,584,8492,65,23,57.88291138006665,2.9166666666666665,8.299999999999999,1839.5714285714287,23.857142857142858,102,13.285714285714286,1669,2569,64.25714285714285,19565,149,5.628571428571428,52,2.0285714285714285,133.28571428571428,69.71428571428571,7.514285714285714,7.742857142857143,11.714285714285714,193.45714285714286,97.22857142857143,29.428571428571427,153.85714285714286,7.514285714285714,6.582857142857143,6.78,2018.5714285714287,64.96691319579602,2.8653846153846154,7.615803814713897
Landry Jones,Oklahoma,Big 12,2009,2012,2010,1273,15360,115,48,62.99220718689787,2.4627622377622376,7.625,1593.3333333333333,27.0,18,1.6666666666666667,108,169,67.3,1310,8,4.6000000000000005,7,4.3999999999999995,18.333333333333332,61.666666666666664,8.1,7.033333333333334,12.299999999999999,74.26666666666667,87.63333333333333,3.0,22.0,5.866666666666667,7.25,6.243333333333333,2016.0,63.905325443786985,1.1428571428571428,7.7514792899408285
Levi Brown,Troy,Sun Belt,2008,2009,731,465,5643,36,12,63.284799343765776,3.555555555555556,7.449999999999999,1057.0,23.0,1,0.0,2,3,66.7,24,0,0.0,1,33.3,1.0,16.0,8.0,-7.0,12.0,24.0,51.4,0.0,0.0,0.0,8.0,-7.0,2010.0,66.66666666666666,0.0,8.0
Logan Thomas,Virginia Tech,ACC,2011,2013,1144,644,8443,52,36,56.3605850864628,1.5187220187220187,7.366666666666667,1752.3333333333333,26.333333333333332,30,6.0,3,11,70.36666666666666,124,1,3.6999999999999997,0,0.0,1.0,41.333333333333336,17.333333333333332,18.066666666666666,41.333333333333336,14.533333333333333,113.0,0.6666666666666666,3.6666666666666665,6.066666666666666,16.453333333333333,17.06,2017.3333333333333,27.27272727272727,1.0,11.272727272727273
Logan Woodside,Toledo,Mid-American,2014,2017,1044,684,9736,90,21,65.05507671364067,4.364021164021164,9.166666666666666,1717.0,27.0,8,0.0,7,11,61.1,61,0,0.0,2,16.666666666666668,2.3333333333333335,10.333333333333334,5.3,-2.2333333333333334,8.333333333333334,18.400000000000002,49.53333333333333,0.6666666666666666,4.666666666666667,13.333333333333334,3.4433333333333334,-2.5566666666666666,2016.6666666666667,63.63636363636363,0.0,5.545454545454546
Luke Falk,Washington State,Pac-12,2014,2017,1950,1344,13922,116,38,68.18531078335809,3.0912087912087913,7.2,1893.0,25.0,3,2.0,47,73,64.4,416,0,0.0,3,4.1,15.0,36.0,5.7,3.8,8.9,138.7,62.4,16.0,96.0,18.0,3.6,2.08,2019.0,64.38356164383562,0.0,5.698630136986301
Mac Jones,Alabama,SEC,2019,2020,443,331,4915,43,7,73.14009279763789,5.833333333333333,10.75,1818.25,24.25,53,13.25,1088,1653,65.65,11038,56,3.3000000000000003,48,3.0,126.0,59.75,6.574999999999999,5.925,10.05,205.77499999999998,82.825,26.5,181.5,6.05,5.7875,5.145,2018.25,65.81972171808832,1.1666666666666667,6.677555958862674
Malik Willis,Liberty,FBS Independents,2020,2021,550,344,4658,44,16,62.708544410672076,3.5,8.45,1776.3333333333333,23.666666666666668,14,1.0,39,71,70.26666666666667,424,0,0.0,3,1.6333333333333335,4.333333333333333,48.0,11.366666666666667,10.633333333333335,15.299999999999999,27.96666666666667,93.39999999999999,6.0,36.333333333333336,34.300000000000004,4.326666666666667,3.693333333333333,2017.3333333333333,54.929577464788736,0.0,5.971830985915493
Marcus Mariota,Oregon,Pac-12,2012,2014,1044,699,9706,98,12,67.06897343994119,10.5,9.233333333333333,1779.2,26.4,93,7.4,1342,2141,61.61,15984,94,3.8699999999999997,56,2.69,76.1,49.0,6.909999999999999,6.470000000000001,11.120000000000001,153.77,84.37,18.9,120.9,7.609999999999999,5.93,5.526999999999999,2017.8,62.6809901914993,1.6785714285714286,7.465670247547875
Marqueis Gray,Minnesota,Big Ten,2011,2012,269,141,1959,13,10,54.81639839034205,1.75,7.65,1723.0,28.0,16,0.0,0,1,0.0,0,0,0.0,0,0.0,0.0,0.0,0.0,0.0,0.0,0.0,39.6,0.0,0.0,0.0,0.0,0.0,2017.0,0.0,0.0,0.0
Mason Rudolph,Oklahoma State,Big 12,2014,2017,1326,837,12475,85,25,60.9746453730984,3.451388888888889,9.35,1805.0,26.2,25,3.2,346,532,65.84,3804,22,3.84,11,1.44,32.2,66.2,7.58,7.68,11.42,147.88000000000002,95.3,5.6,43.6,4.46,6.874,6.965999999999999,2018.0,65.0375939849624,2.0,7.150375939849624
Matt Barkley,USC,Pac-12,2009,2012,1525,974,11977,114,46,63.40908883642835,2.805357142857143,7.85,1669.6666666666667,26.666666666666668,19,1.1666666666666667,212,363,47.699999999999996,2699,11,2.75,22,4.233333333333333,23.833333333333332,34.5,6.55,5.2,11.533333333333333,130.16666666666666,66.96666666666667,2.1666666666666665,15.333333333333334,3.4333333333333336,6.035,4.748333333333333,2016.6666666666667,58.40220385674931,0.5,7.435261707988981
Matt Simms,Tennessee,SEC,2010,2011,257,140,1779,8,8,50.748552522746074,0.8,6.3,1370.0,25.5,4,0.0,19,39,44.55,195,1,1.6,1,1.6,5.0,23.0,4.95,4.550000000000001,11.4,45.5,58.5,2.0,11.5,5.7,4.34,3.985,2013.5,48.717948717948715,1.0,5.0
Max Hall,BYU,Mountain West,2007,2009,1271,833,10614,88,39,65.74617016127813,2.2527472527472527,8.366666666666667,1030.0,25.0,6,3.0,39,78,50.0,370,1,1.3,6,7.7,19.0,26.0,4.7,1.5,9.5,61.7,35.7,14.0,90.0,15.2,3.04,0.33,2010.0,50.0,0.16666666666666666,4.743589743589744
Mike Glennon,NC State,ACC,2011,2012,931,557,6438,58,25,60.05544683626876,2.344155844155844,6.85,1718.125,28.25,40,3.875,689,1147,65.2,7025,47,5.325,35,2.2,43.875,39.875,6.3375,6.387499999999999,9.825,142.9625,90.0,10.375,76.5,4.4875,5.70875,5.8125,2017.25,60.06974716652136,1.3428571428571427,6.1246730601569315
Mike Kafka,Northwestern,Big Ten,2006,2009,510,327,3392,13,12,61.49607487922705,0.9571428571428571,6.05,1145.0,24.0,4,0.0,11,16,68.8,107,0,0.0,2,12.5,3.0,43.0,6.7,1.1,9.7,26.8,47.7,1.0,6.0,5.9,5.94,0.65,2011.0,68.75,0.0,6.6875
Mike White,Western Kentucky,Conference USA,2013,2017,1324,817,10575,69,29,59.139146869640875,2.642857142857143,7.675,1851.25,27.25,20,1.75,201,319,73.05,2293,10,9.725,14,10.45,26.75,56.0,9.65,6.949999999999999,13.0,140.225,96.75,3.25,23.5,1.9500000000000002,9.4025,6.6775,2018.25,63.00940438871473,0.7142857142857143,7.1880877742946705
Nate Sudfeld,Indiana,Big Ten,2012,2015,932,565,7490,58,18,60.89685775423862,4.033333333333333,7.800000000000001,1844.0,25.333333333333332,4,0.0,25,37,58.1,188,1,16.666666666666668,1,2.766666666666667,2.3333333333333335,16.0,6.5,8.566666666666666,11.833333333333334,59.0,78.23333333333333,1.6666666666666667,13.333333333333334,8.6,5.456666666666667,7.72,2018.3333333333333,67.56756756756756,1.0,5.081081081081081
Nathan Peterman,Pittsburgh,ACC,2015,2016,581,352,4752,45,11,60.577834660599166,4.066666666666666,8.15,1939.5,25.25,12,1.25,85,160,54.825,712,4,2.325,13,5.699999999999999,9.5,21.75,4.85,2.75,8.85,52.075,52.65,2.75,15.25,10.6,3.5825,1.5750000000000002,2019.25,53.125,0.3076923076923077,4.45
Nick Foles,Arizona,Pac-12,2009,2011,1316,892,9683,66,29,67.57098864181731,2.363095238095238,7.266666666666667,1694.0,28.0,71,5.2727272727272725,1302,2087,63.07272727272727,14227,82,3.627272727272727,47,2.4181818181818184,58.54545454545455,52.72727272727273,6.654545454545455,6.2727272727272725,10.563636363636364,193.86363636363637,84.39090909090909,11.545454545454545,79.54545454545455,6.909090909090909,5.742727272727273,5.429090909090909,2017.0,62.386200287494006,1.7446808510638299,6.816962146621945
Nick Mullens,Southern Miss,Conference USA,2013,2016,1468,878,11317,83,45,58.93188000160936,1.8654761904761905,7.575,1853.8333333333333,26.166666666666668,33,3.8333333333333335,628,951,69.13333333333334,7697,41,4.183333333333334,39,3.6833333333333336,60.0,48.333333333333336,7.883333333333334,7.066666666666666,11.450000000000001,208.95000000000002,90.26666666666667,10.0,79.33333333333333,4.383333333333334,7.155,6.386666666666667,2018.5,66.03575184016825,1.0512820512820513,8.093585699263933
P.J. Walker,Temple,American Athletic,2013,2016,1368,780,10037,72,42,57.37389771675699,1.936904761904762,7.45,1874.4,26.8,27,2.2,239,450,53.64,2809,7,1.58,21,5.04,24.0,50.8,6.24,4.24,11.64,102.16,56.94,8.0,60.8,8.1,5.116,3.3120000000000003,2018.6,53.11111111111111,0.3333333333333333,6.242222222222222
Patrick Mahomes,Texas Tech,Big 12,2014,2016,1293,829,10882,89,28,62.466174605714514,3.461904761904762,8.4,1804.25,25.375,112,14.0,2787,4187,66.1125,32607,246,5.175,77,1.9375,201.25,71.75,7.85,8.0125,11.875,290.3375,99.075,21.875,145.75,4.1625,7.23625,7.39625,2018.375,66.56317172199667,3.1948051948051948,7.787676140434678
Paxton Lynch,Memphis,American Athletic,2013,2015,1122,718,8451,55,19,63.721467966937034,4.411111111111111,7.433333333333334,1636.5,22.5,5,2.0,79,128,62.85,792,4,3.4000000000000004,4,3.95,20.0,30.5,6.3,5.15,9.95,156.6,75.6,9.0,46.5,13.25,4.734999999999999,3.8249999999999997,2016.5,61.71875,1.0,6.1875
Robert Griffin Iii,Baylor,Big 12,2008,2011,1118,746,9765,76,17,65.9610085451005,4.40625,8.325,1597.7142857142858,26.0,56,6.0,799,1268,57.785714285714285,9271,43,2.0714285714285716,30,4.042857142857143,62.142857142857146,48.42857142857143,5.914285714285714,4.5285714285714285,10.200000000000001,124.95714285714287,67.85714285714286,18.714285714285715,127.85714285714286,10.057142857142859,4.704285714285715,3.52,2016.0,63.012618296529965,1.4333333333333333,7.311514195583596
Russell Wilson,Wisconsin,Big Ten,2008,2011,1396,849,10963,104,29,61.26112174816225,7.7521645021645025,7.975,1641.7692307692307,29.923076923076923,203,15.615384615384615,3965,6112,64.84615384615384,46723,360,5.915384615384616,114,1.8615384615384616,165.30769230769232,68.0,7.653846153846154,7.992307692307692,11.823076923076922,229.87692307692308,100.0076923076923,44.0,286.3076923076923,8.592307692307692,6.439230769230769,6.755384615384615,2016.6923076923076,64.87238219895288,3.1578947368421053,7.644469895287958
Rusty Smith,Florida Atlantic,Sun Belt,2006,2009,1294,723,9470,69,35,55.93826239237866,2.1241071428571425,7.25,1141.0,24.0,3,0.5,23,45,55.0,234,0,0.0,4,5.0,4.5,34.5,5.9,3.65,10.65,67.0,52.7,0.5,0.0,1.2,5.84,3.645,2011.0,51.11111111111111,0.0,5.2
Ryan Finley,NC State,ACC,2015,2018,1306,838,9974,52,26,64.3900011693753,1.8229166666666665,7.5,1950.0,25.5,8,2.0,58,119,50.1,638,3,2.7,4,4.3,14.0,38.5,5.25,3.9000000000000004,10.6,95.4,57.1,10.0,78.0,16.6,3.175,2.07,2019.5,48.739495798319325,0.75,5.361344537815126
Ryan Griffin,Tulane,Conference USA,2009,2012,1396,836,9026,56,35,60.31993652284134,1.5920454545454545,6.425,1920.0,30.0,2,0.0,2,4,50.0,18,0,0.0,0,0.0,1.0,13.0,4.5,4.5,9.0,9.0,62.5,0.0,0.0,0.0,4.5,4.5,2019.0,50.0,0.0,4.5
Ryan Lindley,San Diego State,Mountain West,2008,2011,1660,915,12001,85,47,55.10269367836077,1.8931051587301586,7.25,1378.6666666666667,24.666666666666668,10,2.0,140,274,53.46666666666667,1372,3,4.066666666666666,11,2.7999999999999994,24.333333333333332,29.0,5.3999999999999995,4.966666666666666,10.200000000000001,123.53333333333335,71.03333333333333,6.0,45.666666666666664,4.233333333333333,4.873333333333333,4.496666666666666,2013.6666666666667,51.09489051094891,0.2727272727272727,5.007299270072993
Ryan Mallett,Arkansas,SEC,2007,2010,872,513,7906,66,23,55.6555454259669,2.756709956709957,8.5,1491.8,26.8,21,1.6,190,345,48.339999999999996,1835,9,3.44,10,9.379999999999999,6.0,26.0,4.58,1.06,10.3,67.82000000000001,53.2,1.4,7.4,0.74,4.5,0.982,2014.8,55.072463768115945,0.9,5.318840579710145
Ryan Nassib,Syracuse,Big East,2009,2012,1268,767,8821,65,27,58.65088598384011,2.5277777777777777,6.75,1467.5,24.5,5,0.0,9,10,90.0,128,1,10.0,0,0.0,3.0,27.0,12.8,14.8,14.3,41.5,137.5,1.0,5.5,14.3,10.3,12.3,2014.5,90.0,1.0,12.8
Ryan Tannehill,Texas A&M,Big 12,2010,2011,690,430,4849,39,17,63.21321474992069,2.833333333333333,7.1,1647.5,30.0,165,13.25,3212,4994,64.675,36497,220,4.366666666666666,122,2.5,148.75,69.33333333333333,7.3999999999999995,7.158333333333332,11.424999999999999,216.49166666666667,90.89166666666667,37.25,274.5833333333333,8.708333333333334,6.1175,5.8875,2016.6666666666667,64.31718061674009,1.8032786885245902,7.3081698037645175
Sam Bradford,Oklahoma,Big 12,2007,2009,819,557,7905,84,13,64.99246703850285,4.9523809523809526,9.166666666666666,1387.5,27.0,83,10.375,1855,2967,63.4,19449,103,3.825,61,2.075,119.5,62.25,6.6375,6.45,10.450000000000001,219.65,86.6375,24.5,171.375,6.8375,5.6975,5.53,2014.0,62.521065048870916,1.6885245901639345,6.55510616784631
Sam Darnold,USC,Pac-12,2016,2017,748,490,6420,52,20,65.86463956520141,2.708333333333333,8.55,1852.4285714285713,23.857142857142858,76,8.142857142857142,1110,1857,59.92857142857143,12361,65,3.814285714285714,57,2.742857142857143,85.14285714285714,64.0,6.757142857142857,6.242857142857142,11.257142857142856,156.78571428571428,81.32857142857142,22.142857142857142,144.57142857142858,8.6,5.588571428571428,5.154285714285714,2018.5714285714287,59.77382875605816,1.1403508771929824,6.656435110393107
Sam Ehlinger,Texas,Big 12,2017,2020,1399,870,10796,89,26,61.50963330171837,3.662698412698413,7.65,2229.0,24.0,4,3.0,64,101,63.4,573,3,3.0,3,3.0,28.0,47.0,5.7,4.9,9.0,143.3,76.1,14.0,87.0,12.2,4.23,3.57,2022.0,63.366336633663366,1.0,5.673267326732673
Sam Howell,North Carolina,ACC,2019,2021,1032,658,9550,85,22,64.02852778352123,4.018518518518518,9.299999999999999,1738.3333333333333,22.666666666666668,35,11.666666666666666,787,1243,61.56666666666666,8061,43,4.033333333333333,43,4.033333333333333,122.0,51.333333333333336,7.233333333333334,6.266666666666666,11.933333333333332,211.0666666666667,80.26666666666667,44.333333333333336,303.0,10.933333333333332,5.84,4.9433333333333325,2017.3333333333333,63.31456154465004,1.0,6.485116653258246
Scott Tolzien,Wisconsin,Big Ten,2009,2010,547,374,4745,32,16,68.93093661305582,2.1333333333333333,8.75,1534.25,28.25,10,1.0,88,146,68.325,1065,2,0.9500000000000001,9,5.525,11.75,30.0,6.225,3.925,10.15,110.075,62.15,2.75,21.0,19.725,3.7024999999999997,1.6925000000000001,2015.25,60.273972602739725,0.2222222222222222,7.294520547945205
Sean Clifford,Penn State,Big Ten,2019,2022,1275,786,9853,80,28,61.485468396337964,2.9801587301587302,7.75,1548.5,25.0,4,0.0,2,2,100.0,74,0,0.0,0,0.0,1.0,37.0,37.0,37.0,37.0,18.5,118.7,0.0,0.0,0.0,37.0,37.0,2015.0,100.0,0.0,37.0
Sean Mannion,Oregon State,Pac-12,2011,2014,1805,1163,13341,82,53,64.35587915050016,1.6222909035409034,7.4,1777.0,25.666666666666668,14,0.5,67,110,63.35,573,1,0.4666666666666666,3,4.366666666666666,4.333333333333333,25.5,5.266666666666667,3.3833333333333333,8.416666666666666,54.28333333333333,63.96666666666666,0.8333333333333334,5.833333333333333,2.1333333333333333,4.996666666666667,3.1199999999999997,2017.6666666666667,60.909090909090914,0.3333333333333333,5.209090909090909
Sean Renfree,Duke,ACC,2009,2012,1340,861,9107,50,38,65.18147573267349,1.5865641711229945,6.75,1529.0,25.0,2,0.0,3,7,42.9,11,0,0.0,1,14.3,1.0,11.0,1.6,-4.9,3.7,5.5,10.7,2.0,17.0,22.2,-0.67,-5.67,2015.0,42.857142857142854,0.0,1.5714285714285714
T.J. Yates,North Carolina,ACC,2007,2010,1181,738,8749,53,43,61.930391328213126,1.7212301587301586,7.575,1382.8333333333333,26.666666666666668,22,1.6666666666666667,179,324,57.0,2057,10,1.9333333333333333,11,8.533333333333333,17.833333333333332,38.333333333333336,7.316666666666666,3.8666666666666667,12.366666666666667,82.11666666666666,59.666666666666664,6.0,31.5,7.8999999999999995,6.541666666666667,3.233333333333333,2013.6666666666667,55.24691358024691,0.9090909090909091,6.348765432098766
Taylor Heinicke,Old Dominion,Conference USA,2014,2014,457,289,3476,30,16,63.23851203501094,1.875,7.6,1833.7142857142858,27.571428571428573,43,4.714285714285714,678,1102,65.8,7525,44,3.3000000000000003,32,2.3428571428571425,52.57142857142857,50.857142857142854,7.128571428571428,6.771428571428571,10.957142857142857,139.5142857142857,85.15714285714286,11.0,79.0,11.928571428571429,4.631428571428572,4.25,2018.2857142857142,61.524500907441016,1.375,6.828493647912886
Taysom Hill,BYU,FBS Independents,2012,2016,967,563,6368,42,29,59.82061227918726,1.7214452214452214,6.6,1873.142857142857,30.857142857142858,108,6.857142857142857,197,309,57.31428571428571,2431,12,5.0,8,2.8142857142857145,16.142857142857142,47.714285714285715,8.7,8.457142857142857,15.528571428571428,24.61428571428571,93.89999999999999,4.428571428571429,26.428571428571427,11.971428571428572,7.105714285714286,6.86,2018.5714285714287,63.75404530744336,1.5,7.867313915857605
Teddy Bridgewater,Louisville,American Athletic,2011,2013,1022,702,8830,65,20,68.38574042106087,3.9682539682539684,8.466666666666667,1814.75,26.25,78,8.125,1372,2067,57.0625,15120,75,3.475,47,8.65,89.625,50.625,6.262499999999999,3.05,9.6,150.9125,77.025,20.75,139.25,6.55,5.37875,2.20875,2018.25,66.3763909046928,1.5957446808510638,7.314949201741655
Thaddeus Lewis,Duke,ACC,2006,2009,1510,877,10065,67,40,57.82332865765629,1.946875,6.625,1268.0,27.5,7,3.0,115,189,64.0,1296,5,2.8,4,2.5,30.5,40.0,6.7,6.1,10.5,193.0,82.15,10.5,57.0,9.45,5.55,5.029999999999999,2012.5,60.84656084656085,1.25,6.857142857142857
Tim Boyle,Eastern Kentucky,OVC,2013,2017,356,186,1759,4,14,53.47467301949544,0.8333333333333334,4.975,1868.8,27.6,15,1.4,162,260,57.9,1294,5,1.16,16,8.360000000000001,12.6,27.6,4.58,1.06,9.02,76.64,52.160000000000004,3.6,25.6,4.2,4.072,0.6280000000000001,2018.4,62.30769230769231,0.3125,4.976923076923077
Tim Tebow,Florida,SEC,2007,2009,864,573,8060,75,13,66.20420223993382,7.477777777777778,9.299999999999999,1127.3333333333333,24.0,35,5.333333333333333,173,361,57.166666666666664,2422,17,3.5,9,1.9666666666666668,36.666666666666664,43.0,6.433333333333334,6.233333333333333,12.066666666666668,66.5,79.96666666666667,13.666666666666666,86.0,12.566666666666668,5.096666666666667,4.93,2011.0,47.92243767313019,1.8888888888888888,6.7091412742382275
Tom Savage,Pittsburgh,ACC,2009,2013,717,408,5272,35,18,55.10100769232298,1.6666666666666667,7.066666666666666,1557.3333333333333,25.666666666666668,13,3.0,181,315,57.23333333333333,2000,5,0.7333333333333334,7,2.6666666666666665,32.0,41.333333333333336,6.433333333333334,5.3999999999999995,11.333333333333334,131.23333333333332,68.06666666666668,9.0,66.66666666666667,6.666666666666667,5.563333333333333,4.58,2015.6666666666667,57.460317460317455,0.7142857142857143,6.349206349206349
Tommy Devito,Illinois,Big Ten,2018,2022,905,570,6263,43,16,59.13329581050657,2.2766666666666664,6.8,1513.5,25.0,18,6.0,228,356,64.0,2202,16,4.5,6,1.7,46.0,41.0,6.2,6.3,9.7,122.3,89.2,37.0,196.0,17.2,4.21,4.33,2015.0,64.04494382022472,2.6666666666666665,6.185393258426966
Tony Pike,Cincinnati,Big East,2008,2009,584,367,4518,44,13,62.84261637521551,3.4523809523809526,7.75,1048.0,24.0,1,0.0,6,12,50.0,47,0,0.0,0,0.0,3.0,22.0,3.9,3.9,7.8,47.0,60.1,1.0,10.0,7.7,2.85,2.85,2010.0,50.0,0.0,3.9166666666666665
Trace Mcsorley,Penn State,Big Ten,2016,2018,1073,634,8873,67,19,58.774104754696104,3.638888888888889,8.233333333333334,2123.5,26.0,8,0.5,48,93,42.1,502,1,5.0,5,3.0,9.5,58.5,7.0,6.65,19.6,56.85,70.35,1.5,13.5,1.75,6.74,6.43,2021.0,51.61290322580645,0.2,5.397849462365591
Trevone Boykin,TCU,Big 12,2012,2015,1296,795,10340,83,33,60.90845531579997,2.513095238095238,7.725,1596.0,23.0,5,0.0,13,18,72.2,145,1,5.6,1,5.6,8.0,31.0,8.1,6.7,11.2,29.0,91.2,1.0,5.0,5.3,7.37,6.05,2016.0,72.22222222222221,1.0,8.055555555555555
Trevor Lawrence,Clemson,ACC,2018,2020,949,642,8531,80,16,67.70139134924047,5.25,9.0,1808.0,23.25,66,16.5,1486,2314,64.275,15786,79,3.425,53,2.3,185.25,61.75,6.8,6.475,10.625,239.525,86.025,32.25,217.5,5.25,6.115,5.79,2018.25,64.21780466724287,1.490566037735849,6.821953327571305
Trevor Siemian,Northwestern,Big Ten,2012,2014,887,522,5555,24,22,58.926019220416,1.6195286195286196,6.3,1791.857142857143,29.142857142857142,44,5.142857142857143,793,1361,56.57142857142857,8475,46,2.771428571428572,36,2.3857142857142857,57.857142857142854,37.42857142857143,5.228571428571429,4.714285714285714,9.1,146.78571428571428,71.87142857142858,13.285714285714286,83.14285714285714,8.757142857142856,4.282857142857143,3.795714285714286,2017.857142857143,58.265980896399704,1.2777777777777777,6.227038941954445
Tua Tagovailoa,Alabama,SEC,2017,2019,599,414,6663,78,8,68.38446070252,9.416666666666666,10.533333333333333,1841.8,23.8,70,13.6,1484,2198,67.05999999999999,17263,110,4.92,51,2.2600000000000002,168.6,68.0,7.720000000000001,7.659999999999999,11.48,240.48000000000002,96.97999999999999,23.8,158.6,5.24,6.9399999999999995,6.9079999999999995,2018.6,67.51592356687898,2.156862745098039,7.853958143767061
Tyler Bray,Tennessee,SEC,2010,2012,877,513,7132,65,25,57.895425572794494,2.555555555555556,8.200000000000001,1878.0,27.5,2,0.0,1,6,10.0,18,0,0.0,0,0.0,0.5,9.0,1.8,1.8,9.0,9.0,40.85,0.0,0.0,0.0,1.8,1.8,2018.5,16.666666666666664,0.0,3.0
Tyler Huntley,Utah,Pac-12,2017,2019,797,541,6974,45,20,67.69137347764575,2.6666666666666665,8.733333333333333,1887.0,23.8,25,2.0,242,379,61.1,2160,11,3.9200000000000004,7,0.9600000000000002,22.4,29.0,5.14,5.459999999999999,8.42,70.56,83.4,6.6,39.4,6.840000000000001,4.302,4.612,2018.6,63.852242744063325,1.5714285714285714,5.699208443271768
Tyrod Taylor,Virginia Tech,ACC,2007,2010,792,455,6435,43,16,56.86692708440484,2.9583333333333335,7.775,1654.4615384615386,28.692307692307693,102,4.846153846153846,1184,1910,61.57692307692308,13476,70,4.076923076923077,32,3.769230769230769,46.07692307692308,43.69230769230769,7.1461538461538465,6.253846153846154,10.838461538461539,99.05384615384615,82.23076923076923,14.923076923076923,84.61538461538461,13.507692307692308,5.053846153846154,4.259230769230769,2016.4615384615386,61.98952879581152,2.1875,7.055497382198953
Will Grier,West Virginia,Big 12,2015,2018,946,622,8558,81,23,65.75800596639317,3.5972222222222228,8.733333333333333,1897.0,24.0,2,2.0,28,52,53.8,228,0,0.0,4,7.7,12.0,28.0,4.4,0.9,8.1,114.0,33.2,6.0,44.0,10.3,3.17,0.07,2019.0,53.84615384615385,0.0,4.384615384615385
Will Levis,Kentucky,SEC,2020,2022,663,434,5420,43,22,63.944187732173596,1.6055555555555554,8.066666666666666,1503.5,24.0,18,9.0,298,510,58.4,3616,16,3.1,8,1.6,81.0,61.0,7.1,7.0,12.1,200.9,84.2,28.0,185.0,9.9,5.73,5.66,2015.0,58.43137254901961,2.0,7.090196078431372
Zach Mettenberger,LSU,SEC,2012,2013,625,385,5571,33,14,61.76373942331389,2.2916666666666665,9.0,1442.0,23.5,14,5.0,208,345,60.3,2347,12,3.45,14,4.05,51.0,68.5,6.75,5.6,11.25,167.64999999999998,75.05000000000001,15.5,118.0,8.2,5.574999999999999,4.52,2014.5,60.28985507246377,0.8571428571428571,6.802898550724637
Zach Wilson,BYU,FBS Independents,2018,2020,742,495,6595,48,13,65.94294509493086,4.634920634920635,8.700000000000001,1825.25,23.25,46,11.0,787,1361,57.575,8564,31,2.3,32,2.4,98.25,67.25,6.375,5.775,11.100000000000001,186.425,74.225,39.75,306.25,10.3,4.9075,4.3525,2018.25,57.82512858192506,0.96875,6.2924320352681855
